{
  "peak_cpu_memory_MB": 4075.768,
  "peak_gpu_0_memory_MB": 51,
  "peak_gpu_1_memory_MB": 10,
  "peak_gpu_2_memory_MB": 10,
  "peak_gpu_3_memory_MB": 1202,
  "training_duration": "00:07:42",
  "training_start_epoch": 0,
  "training_epochs": 37,
  "epoch": 37,
  "training_accuracy": 0.9995571084100192,
  "training_loss": 0.0019499251543025086,
  "training_cpu_memory_MB": 4075.768,
  "training_gpu_0_memory_MB": 51,
  "training_gpu_1_memory_MB": 10,
  "training_gpu_2_memory_MB": 10,
  "training_gpu_3_memory_MB": 1202,
  "validation_accuracy": 0.8799822852081488,
  "validation_loss": 0.8255102981778758,
  "best_epoch": 34,
  "best_validation_accuracy": 0.8972542072630647,
  "best_validation_loss": 0.8010847512790703
}