{
  "peak_cpu_memory_MB": 4075.784,
  "peak_gpu_0_memory_MB": 51,
  "peak_gpu_1_memory_MB": 10,
  "peak_gpu_2_memory_MB": 10,
  "peak_gpu_3_memory_MB": 1202,
  "training_duration": "00:07:54",
  "training_start_epoch": 0,
  "training_epochs": 38,
  "epoch": 38,
  "training_accuracy": 0.9991142168200384,
  "training_loss": 0.0040854025825487065,
  "training_cpu_memory_MB": 4075.784,
  "training_gpu_0_memory_MB": 51,
  "training_gpu_1_memory_MB": 10,
  "training_gpu_2_memory_MB": 10,
  "training_gpu_3_memory_MB": 1202,
  "validation_accuracy": 0.8866253321523472,
  "validation_loss": 0.6891396694825991,
  "best_epoch": 34,
  "best_validation_accuracy": 0.8972542072630647,
  "best_validation_loss": 0.8010847512790703
}