{
  "peak_cpu_memory_MB": 4075.748,
  "peak_gpu_0_memory_MB": 51,
  "peak_gpu_1_memory_MB": 10,
  "peak_gpu_2_memory_MB": 10,
  "peak_gpu_3_memory_MB": 1202,
  "training_duration": "00:04:29",
  "training_start_epoch": 0,
  "training_epochs": 21,
  "epoch": 21,
  "training_accuracy": 0.9999507898233355,
  "training_loss": 0.00021821698109389135,
  "training_cpu_memory_MB": 4075.748,
  "training_gpu_0_memory_MB": 51,
  "training_gpu_1_memory_MB": 10,
  "training_gpu_2_memory_MB": 10,
  "training_gpu_3_memory_MB": 1202,
  "validation_accuracy": 0.8835252435783879,
  "validation_loss": 0.7836389712325332,
  "best_epoch": 20,
  "best_validation_accuracy": 0.8937112488928255,
  "best_validation_loss": 0.7222697735177698
}