{
  "peak_cpu_memory_MB": 4075.752,
  "peak_gpu_0_memory_MB": 51,
  "peak_gpu_1_memory_MB": 10,
  "peak_gpu_2_memory_MB": 10,
  "peak_gpu_3_memory_MB": 1202,
  "training_duration": "00:04:54",
  "training_start_epoch": 0,
  "training_epochs": 23,
  "epoch": 23,
  "training_accuracy": 0.9989665862900448,
  "training_loss": 0.0030762650585479515,
  "training_cpu_memory_MB": 4075.752,
  "training_gpu_0_memory_MB": 51,
  "training_gpu_1_memory_MB": 10,
  "training_gpu_2_memory_MB": 10,
  "training_gpu_3_memory_MB": 1202,
  "validation_accuracy": 0.8861824623560673,
  "validation_loss": 0.6466768426783986,
  "best_epoch": 20,
  "best_validation_accuracy": 0.8937112488928255,
  "best_validation_loss": 0.7222697735177698
}