{
  "peak_cpu_memory_MB": 4075.728,
  "peak_gpu_0_memory_MB": 51,
  "peak_gpu_1_memory_MB": 10,
  "peak_gpu_2_memory_MB": 10,
  "peak_gpu_3_memory_MB": 1202,
  "training_duration": "00:03:53",
  "training_start_epoch": 0,
  "training_epochs": 18,
  "epoch": 18,
  "training_accuracy": 0.9998031592933418,
  "training_loss": 0.0012111442686723961,
  "training_cpu_memory_MB": 4075.728,
  "training_gpu_0_memory_MB": 51,
  "training_gpu_1_memory_MB": 10,
  "training_gpu_2_memory_MB": 10,
  "training_gpu_3_memory_MB": 1202,
  "validation_accuracy": 0.8910540301151462,
  "validation_loss": 0.6943351815262073,
  "best_epoch": 18,
  "best_validation_accuracy": 0.8910540301151462,
  "best_validation_loss": 0.6943351815262073
}