{
  "peak_cpu_memory_MB": 4075.648,
  "peak_gpu_0_memory_MB": 51,
  "peak_gpu_1_memory_MB": 10,
  "peak_gpu_2_memory_MB": 10,
  "peak_gpu_3_memory_MB": 1202,
  "training_duration": "00:02:52",
  "training_start_epoch": 0,
  "training_epochs": 13,
  "epoch": 13,
  "training_accuracy": 0.9996555287633483,
  "training_loss": 0.0029899073803086045,
  "training_cpu_memory_MB": 4075.648,
  "training_gpu_0_memory_MB": 51,
  "training_gpu_1_memory_MB": 10,
  "training_gpu_2_memory_MB": 10,
  "training_gpu_3_memory_MB": 1202,
  "validation_accuracy": 0.8888396811337467,
  "validation_loss": 0.5939564808346561,
  "best_epoch": 13,
  "best_validation_accuracy": 0.8888396811337467,
  "best_validation_loss": 0.5939564808346561
}