{
  "peak_cpu_memory_MB": 14897.924,
  "peak_gpu_0_memory_MB": 51,
  "peak_gpu_1_memory_MB": 6784,
  "peak_gpu_2_memory_MB": 10,
  "peak_gpu_3_memory_MB": 10,
  "training_duration": "03:54:41",
  "training_start_epoch": 0,
  "training_epochs": 26,
  "epoch": 26,
  "training_accuracy": 0.9077801289306628,
  "training_loss": 0.24925846257824297,
  "training_cpu_memory_MB": 14897.924,
  "training_gpu_0_memory_MB": 51,
  "training_gpu_1_memory_MB": 6784,
  "training_gpu_2_memory_MB": 10,
  "training_gpu_3_memory_MB": 10,
  "validation_accuracy": 0.7015057573073517,
  "validation_loss": 1.0570349167158575,
  "best_epoch": 26,
  "best_validation_accuracy": 0.7015057573073517,
  "best_validation_loss": 1.0570349167158575
}