{
  "peak_cpu_memory_MB": 14583.468,
  "peak_gpu_0_memory_MB": 7011,
  "peak_gpu_1_memory_MB": 15424,
  "peak_gpu_2_memory_MB": 10296,
  "peak_gpu_3_memory_MB": 10,
  "training_duration": "00:26:42",
  "training_start_epoch": 0,
  "training_epochs": 2,
  "epoch": 2,
  "training_accuracy": 0.5230549677673343,
  "training_loss": 1.2076379786509785,
  "training_cpu_memory_MB": 14583.468,
  "training_gpu_0_memory_MB": 7011,
  "training_gpu_1_memory_MB": 15424,
  "training_gpu_2_memory_MB": 10296,
  "training_gpu_3_memory_MB": 10,
  "validation_accuracy": 0.5318866253321524,
  "validation_loss": 1.2362680486690851,
  "best_epoch": 2,
  "best_validation_accuracy": 0.5318866253321524,
  "best_validation_loss": 1.2362680486690851
}