{
  "peak_cpu_memory_MB": 14585.108,
  "peak_gpu_0_memory_MB": 7013,
  "peak_gpu_1_memory_MB": 15424,
  "peak_gpu_2_memory_MB": 14540,
  "peak_gpu_3_memory_MB": 10,
  "training_duration": "03:29:57",
  "training_start_epoch": 0,
  "training_epochs": 23,
  "epoch": 23,
  "training_accuracy": 0.8610304610993553,
  "training_loss": 0.36526225463130585,
  "training_cpu_memory_MB": 14585.108,
  "training_gpu_0_memory_MB": 51,
  "training_gpu_1_memory_MB": 15424,
  "training_gpu_2_memory_MB": 14540,
  "training_gpu_3_memory_MB": 10,
  "validation_accuracy": 0.683348095659876,
  "validation_loss": 0.8951839260113093,
  "best_epoch": 21,
  "best_validation_accuracy": 0.7010628875110717,
  "best_validation_loss": 0.8755856505882593
}