{
  "peak_cpu_memory_MB": 14897.924,
  "peak_gpu_0_memory_MB": 51,
  "peak_gpu_1_memory_MB": 8364,
  "peak_gpu_2_memory_MB": 4276,
  "peak_gpu_3_memory_MB": 10,
  "training_duration": "04:12:11",
  "training_start_epoch": 0,
  "training_epochs": 28,
  "epoch": 28,
  "training_accuracy": 0.9125043058904582,
  "training_loss": 0.23285985287001804,
  "training_cpu_memory_MB": 14897.924,
  "training_gpu_0_memory_MB": 51,
  "training_gpu_1_memory_MB": 8364,
  "training_gpu_2_memory_MB": 4276,
  "training_gpu_3_memory_MB": 10,
  "validation_accuracy": 0.7010628875110717,
  "validation_loss": 1.104337477389677,
  "best_epoch": 26,
  "best_validation_accuracy": 0.7015057573073517,
  "best_validation_loss": 1.0570349167158575
}