{
  "peak_cpu_memory_MB": 14585.108,
  "peak_gpu_0_memory_MB": 7013,
  "peak_gpu_1_memory_MB": 15424,
  "peak_gpu_2_memory_MB": 14540,
  "peak_gpu_3_memory_MB": 10,
  "training_duration": "04:04:19",
  "training_start_epoch": 0,
  "training_epochs": 27,
  "epoch": 27,
  "training_accuracy": 0.8884897396781655,
  "training_loss": 0.29916883549927514,
  "training_cpu_memory_MB": 14585.108,
  "training_gpu_0_memory_MB": 51,
  "training_gpu_1_memory_MB": 15424,
  "training_gpu_2_memory_MB": 14540,
  "training_gpu_3_memory_MB": 10,
  "validation_accuracy": 0.7010628875110717,
  "validation_loss": 0.9153993276902187,
  "best_epoch": 26,
  "best_validation_accuracy": 0.7028343666961914,
  "best_validation_loss": 0.9129085353127232
}