{
  "peak_cpu_memory_MB": 14898.096,
  "peak_gpu_0_memory_MB": 51,
  "peak_gpu_1_memory_MB": 8364,
  "peak_gpu_2_memory_MB": 4276,
  "peak_gpu_3_memory_MB": 10,
  "training_duration": "06:31:08",
  "training_start_epoch": 0,
  "training_epochs": 44,
  "epoch": 44,
  "training_accuracy": 0.9592047635451011,
  "training_loss": 0.11051003784056722,
  "training_cpu_memory_MB": 14898.096,
  "training_gpu_0_memory_MB": 51,
  "training_gpu_1_memory_MB": 6784,
  "training_gpu_2_memory_MB": 10,
  "training_gpu_3_memory_MB": 10,
  "validation_accuracy": 0.7161204605845881,
  "validation_loss": 1.28765321072237,
  "best_epoch": 40,
  "best_validation_accuracy": 0.7183348095659876,
  "best_validation_loss": 1.1997570697172188
}