{
  "peak_cpu_memory_MB": 14898.036,
  "peak_gpu_0_memory_MB": 51,
  "peak_gpu_1_memory_MB": 8364,
  "peak_gpu_2_memory_MB": 4276,
  "peak_gpu_3_memory_MB": 10,
  "training_duration": "05:39:06",
  "training_start_epoch": 0,
  "training_epochs": 38,
  "epoch": 38,
  "training_accuracy": 0.9479848432655873,
  "training_loss": 0.14636039934005618,
  "training_cpu_memory_MB": 14898.036,
  "training_gpu_0_memory_MB": 51,
  "training_gpu_1_memory_MB": 6784,
  "training_gpu_2_memory_MB": 10,
  "training_gpu_3_memory_MB": 10,
  "validation_accuracy": 0.7032772364924712,
  "validation_loss": 1.1990996091454118,
  "best_epoch": 30,
  "best_validation_accuracy": 0.7099202834366696,
  "best_validation_loss": 1.055257848015538
}