{
  "peak_cpu_memory_MB": 14583.916,
  "peak_gpu_0_memory_MB": 7013,
  "peak_gpu_1_memory_MB": 15424,
  "peak_gpu_2_memory_MB": 12406,
  "peak_gpu_3_memory_MB": 10,
  "training_duration": "01:36:34",
  "training_start_epoch": 0,
  "training_epochs": 10,
  "epoch": 10,
  "training_accuracy": 0.7155159687023276,
  "training_loss": 0.7252578009176517,
  "training_cpu_memory_MB": 14583.916,
  "training_gpu_0_memory_MB": 7013,
  "training_gpu_1_memory_MB": 15424,
  "training_gpu_2_memory_MB": 12406,
  "training_gpu_3_memory_MB": 10,
  "validation_accuracy": 0.6355181576616474,
  "validation_loss": 0.9207318822542826,
  "best_epoch": 9,
  "best_validation_accuracy": 0.6443755535872453,
  "best_validation_loss": 0.9213036526868372
}