{
  "peak_cpu_memory_MB": 14583.744,
  "peak_gpu_0_memory_MB": 7011,
  "peak_gpu_1_memory_MB": 15424,
  "peak_gpu_2_memory_MB": 12406,
  "peak_gpu_3_memory_MB": 10,
  "training_duration": "01:01:49",
  "training_start_epoch": 0,
  "training_epochs": 6,
  "epoch": 6,
  "training_accuracy": 0.634762068795827,
  "training_loss": 0.9316965179830872,
  "training_cpu_memory_MB": 14583.744,
  "training_gpu_0_memory_MB": 7011,
  "training_gpu_1_memory_MB": 15424,
  "training_gpu_2_memory_MB": 12406,
  "training_gpu_3_memory_MB": 10,
  "validation_accuracy": 0.6204605845881311,
  "validation_loss": 0.9805305423559966,
  "best_epoch": 6,
  "best_validation_accuracy": 0.6204605845881311,
  "best_validation_loss": 0.9805305423559966
}