{
  "peak_cpu_memory_MB": 14584.916,
  "peak_gpu_0_memory_MB": 7013,
  "peak_gpu_1_memory_MB": 15424,
  "peak_gpu_2_memory_MB": 12406,
  "peak_gpu_3_memory_MB": 10,
  "training_duration": "02:55:11",
  "training_start_epoch": 0,
  "training_epochs": 19,
  "epoch": 19,
  "training_accuracy": 0.8298804192707052,
  "training_loss": 0.44570461574418485,
  "training_cpu_memory_MB": 14584.916,
  "training_gpu_0_memory_MB": 51,
  "training_gpu_1_memory_MB": 15424,
  "training_gpu_2_memory_MB": 12406,
  "training_gpu_3_memory_MB": 10,
  "validation_accuracy": 0.687333923826395,
  "validation_loss": 0.836437068235727,
  "best_epoch": 19,
  "best_validation_accuracy": 0.687333923826395,
  "best_validation_loss": 0.836437068235727
}