{
  "peak_cpu_memory_MB": 14584.916,
  "peak_gpu_0_memory_MB": 7013,
  "peak_gpu_1_memory_MB": 15424,
  "peak_gpu_2_memory_MB": 12406,
  "peak_gpu_3_memory_MB": 10,
  "training_duration": "02:37:41",
  "training_start_epoch": 0,
  "training_epochs": 17,
  "epoch": 17,
  "training_accuracy": 0.8091629348949363,
  "training_loss": 0.49089694025184827,
  "training_cpu_memory_MB": 14584.916,
  "training_gpu_0_memory_MB": 7013,
  "training_gpu_1_memory_MB": 15424,
  "training_gpu_2_memory_MB": 12406,
  "training_gpu_3_memory_MB": 10,
  "validation_accuracy": 0.6713906111603188,
  "validation_loss": 0.911574082242118,
  "best_epoch": 16,
  "best_validation_accuracy": 0.6780336581045173,
  "best_validation_loss": 0.847182199910835
}