{
  "peak_cpu_memory_MB": 14583.72,
  "peak_gpu_0_memory_MB": 7011,
  "peak_gpu_1_memory_MB": 15424,
  "peak_gpu_2_memory_MB": 12406,
  "peak_gpu_3_memory_MB": 10,
  "training_duration": "00:35:24",
  "training_start_epoch": 0,
  "training_epochs": 3,
  "epoch": 3,
  "training_accuracy": 0.5536636976526745,
  "training_loss": 1.1253621438646448,
  "training_cpu_memory_MB": 14583.72,
  "training_gpu_0_memory_MB": 7011,
  "training_gpu_1_memory_MB": 15424,
  "training_gpu_2_memory_MB": 12406,
  "training_gpu_3_memory_MB": 10,
  "validation_accuracy": 0.54162976085031,
  "validation_loss": 1.193321117648372,
  "best_epoch": 3,
  "best_validation_accuracy": 0.54162976085031,
  "best_validation_loss": 1.193321117648372
}