{
  "peak_cpu_memory_MB": 14898.232,
  "peak_gpu_0_memory_MB": 51,
  "peak_gpu_1_memory_MB": 8364,
  "peak_gpu_2_memory_MB": 4276,
  "peak_gpu_3_memory_MB": 10,
  "training_duration": "06:57:07",
  "training_start_epoch": 0,
  "training_epochs": 47,
  "epoch": 47,
  "training_accuracy": 0.9621081639683087,
  "training_loss": 0.10590276963907466,
  "training_cpu_memory_MB": 14898.232,
  "training_gpu_0_memory_MB": 51,
  "training_gpu_1_memory_MB": 6784,
  "training_gpu_2_memory_MB": 10,
  "training_gpu_3_memory_MB": 10,
  "validation_accuracy": 0.7077059344552702,
  "validation_loss": 1.2918845550329596,
  "best_epoch": 40,
  "best_validation_accuracy": 0.7183348095659876,
  "best_validation_loss": 1.1997570697172188
}