{
  "peak_cpu_memory_MB": 14583.744,
  "peak_gpu_0_memory_MB": 7011,
  "peak_gpu_1_memory_MB": 15424,
  "peak_gpu_2_memory_MB": 12406,
  "peak_gpu_3_memory_MB": 10,
  "training_duration": "01:10:25",
  "training_start_epoch": 0,
  "training_epochs": 7,
  "epoch": 7,
  "training_accuracy": 0.6598592588947394,
  "training_loss": 0.8734100145741928,
  "training_cpu_memory_MB": 14583.744,
  "training_gpu_0_memory_MB": 7011,
  "training_gpu_1_memory_MB": 15424,
  "training_gpu_2_memory_MB": 12406,
  "training_gpu_3_memory_MB": 10,
  "validation_accuracy": 0.6297608503100088,
  "validation_loss": 0.9612245515540794,
  "best_epoch": 7,
  "best_validation_accuracy": 0.6297608503100088,
  "best_validation_loss": 0.9612245515540794
}