{
  "peak_cpu_memory_MB": 14584.916,
  "peak_gpu_0_memory_MB": 7013,
  "peak_gpu_1_memory_MB": 15424,
  "peak_gpu_2_memory_MB": 12406,
  "peak_gpu_3_memory_MB": 10,
  "training_duration": "02:20:07",
  "training_start_epoch": 0,
  "training_epochs": 15,
  "epoch": 15,
  "training_accuracy": 0.7904630677624133,
  "training_loss": 0.5467452149089046,
  "training_cpu_memory_MB": 14584.916,
  "training_gpu_0_memory_MB": 7013,
  "training_gpu_1_memory_MB": 15424,
  "training_gpu_2_memory_MB": 12406,
  "training_gpu_3_memory_MB": 10,
  "validation_accuracy": 0.6705048715677591,
  "validation_loss": 0.8489075152226436,
  "best_epoch": 15,
  "best_validation_accuracy": 0.6705048715677591,
  "best_validation_loss": 0.8489075152226436
}