{
  "peak_cpu_memory_MB": 14898.004,
  "peak_gpu_0_memory_MB": 51,
  "peak_gpu_1_memory_MB": 8364,
  "peak_gpu_2_memory_MB": 4276,
  "peak_gpu_3_memory_MB": 10,
  "training_duration": "04:55:57",
  "training_start_epoch": 0,
  "training_epochs": 33,
  "epoch": 33,
  "training_accuracy": 0.9315486442596329,
  "training_loss": 0.18925222578989573,
  "training_cpu_memory_MB": 14898.004,
  "training_gpu_0_memory_MB": 51,
  "training_gpu_1_memory_MB": 8364,
  "training_gpu_2_memory_MB": 4276,
  "training_gpu_3_memory_MB": 10,
  "validation_accuracy": 0.6944198405668733,
  "validation_loss": 1.0786157285357698,
  "best_epoch": 30,
  "best_validation_accuracy": 0.7099202834366696,
  "best_validation_loss": 1.055257848015538
}