{
  "peak_cpu_memory_MB": 14584.664,
  "peak_gpu_0_memory_MB": 7013,
  "peak_gpu_1_memory_MB": 15424,
  "peak_gpu_2_memory_MB": 12406,
  "peak_gpu_3_memory_MB": 10,
  "training_duration": "01:53:46",
  "training_start_epoch": 0,
  "training_epochs": 12,
  "epoch": 12,
  "training_accuracy": 0.746223118940997,
  "training_loss": 0.6497865418182589,
  "training_cpu_memory_MB": 14584.664,
  "training_gpu_0_memory_MB": 7013,
  "training_gpu_1_memory_MB": 15424,
  "training_gpu_2_memory_MB": 12406,
  "training_gpu_3_memory_MB": 10,
  "validation_accuracy": 0.6576616474756422,
  "validation_loss": 0.8734851939442717,
  "best_epoch": 12,
  "best_validation_accuracy": 0.6576616474756422,
  "best_validation_loss": 0.8734851939442717
}