{
  "peak_cpu_memory_MB": 4972.468,
  "peak_gpu_0_memory_MB": 15645,
  "peak_gpu_1_memory_MB": 15652,
  "peak_gpu_2_memory_MB": 10,
  "peak_gpu_3_memory_MB": 1190,
  "training_duration": "00:00:21",
  "training_start_epoch": 0,
  "training_epochs": 0,
  "epoch": 0,
  "training_accuracy": 0.7921362137690074,
  "training_loss": 0.5942022209786926,
  "training_cpu_memory_MB": 4972.468,
  "training_gpu_0_memory_MB": 15645,
  "training_gpu_1_memory_MB": 15652,
  "training_gpu_2_memory_MB": 10,
  "training_gpu_3_memory_MB": 1190,
  "validation_accuracy": 0.9180690876882197,
  "validation_loss": 0.2264387119377469,
  "best_epoch": 0,
  "best_validation_accuracy": 0.9180690876882197,
  "best_validation_loss": 0.2264387119377469
}