{
  "peak_cpu_memory_MB": 4122.416,
  "peak_gpu_0_memory_MB": 51,
  "peak_gpu_1_memory_MB": 10,
  "peak_gpu_2_memory_MB": 10,
  "peak_gpu_3_memory_MB": 1448,
  "training_duration": "00:06:02",
  "training_start_epoch": 0,
  "training_epochs": 34,
  "epoch": 34,
  "training_accuracy": 0.9992126371733675,
  "training_loss": 0.0026386761714238473,
  "training_cpu_memory_MB": 4122.416,
  "training_gpu_0_memory_MB": 51,
  "training_gpu_1_memory_MB": 10,
  "training_gpu_2_memory_MB": 10,
  "training_gpu_3_memory_MB": 1448,
  "validation_accuracy": 0.9096545615589017,
  "validation_loss": 0.5551897830845979,
  "best_epoch": 24,
  "best_validation_accuracy": 0.9233835252435784,
  "best_validation_loss": 0.4925734415666716
}