{
  "peak_cpu_memory_MB": 5025.632,
  "peak_gpu_0_memory_MB": 15647,
  "peak_gpu_1_memory_MB": 15648,
  "peak_gpu_2_memory_MB": 10,
  "peak_gpu_3_memory_MB": 1784,
  "training_duration": "00:00:56",
  "training_start_epoch": 0,
  "training_epochs": 2,
  "epoch": 2,
  "training_accuracy": 0.9973918606367796,
  "training_loss": 0.009154648150922859,
  "training_cpu_memory_MB": 5025.632,
  "training_gpu_0_memory_MB": 15647,
  "training_gpu_1_memory_MB": 15648,
  "training_gpu_2_memory_MB": 10,
  "training_gpu_3_memory_MB": 1784,
  "validation_accuracy": 0.9348981399468557,
  "validation_loss": 0.25227760556326423,
  "best_epoch": 2,
  "best_validation_accuracy": 0.9348981399468557,
  "best_validation_loss": 0.25227760556326423
}