{
  "peak_cpu_memory_MB": 4122.388,
  "peak_gpu_0_memory_MB": 51,
  "peak_gpu_1_memory_MB": 10,
  "peak_gpu_2_memory_MB": 10,
  "peak_gpu_3_memory_MB": 1448,
  "training_duration": "00:03:28",
  "training_start_epoch": 0,
  "training_epochs": 19,
  "epoch": 19,
  "training_accuracy": 0.9999507898233355,
  "training_loss": 0.0005398497870751534,
  "training_cpu_memory_MB": 4122.388,
  "training_gpu_0_memory_MB": 51,
  "training_gpu_1_memory_MB": 10,
  "training_gpu_2_memory_MB": 10,
  "training_gpu_3_memory_MB": 1448,
  "validation_accuracy": 0.9189548272807795,
  "validation_loss": 0.5583736606540135,
  "best_epoch": 9,
  "best_validation_accuracy": 0.9193976970770593,
  "best_validation_loss": 0.43505065227509476
}