{
  "peak_cpu_memory_MB": 5026.056,
  "peak_gpu_0_memory_MB": 15647,
  "peak_gpu_1_memory_MB": 15648,
  "peak_gpu_2_memory_MB": 10,
  "peak_gpu_3_memory_MB": 1784,
  "training_duration": "00:04:28",
  "training_start_epoch": 0,
  "training_epochs": 15,
  "epoch": 15,
  "training_accuracy": 0.9999507898233355,
  "training_loss": 0.00023324285531808195,
  "training_cpu_memory_MB": 5026.056,
  "training_gpu_0_memory_MB": 15647,
  "training_gpu_1_memory_MB": 15648,
  "training_gpu_2_memory_MB": 10,
  "training_gpu_3_memory_MB": 1784,
  "validation_accuracy": 0.9388839681133747,
  "validation_loss": 0.351887677127785,
  "best_epoch": 3,
  "best_validation_accuracy": 0.9406554472984943,
  "best_validation_loss": 0.2690363105581958
}