{
  "peak_cpu_memory_MB": 4122.348,
  "peak_gpu_0_memory_MB": 51,
  "peak_gpu_1_memory_MB": 10,
  "peak_gpu_2_memory_MB": 10,
  "peak_gpu_3_memory_MB": 1448,
  "training_duration": "00:02:26",
  "training_start_epoch": 0,
  "training_epochs": 13,
  "epoch": 13,
  "training_accuracy": 0.9992126371733675,
  "training_loss": 0.0028953101129950572,
  "training_cpu_memory_MB": 4122.348,
  "training_gpu_0_memory_MB": 51,
  "training_gpu_1_memory_MB": 10,
  "training_gpu_2_memory_MB": 10,
  "training_gpu_3_memory_MB": 1448,
  "validation_accuracy": 0.9176262178919398,
  "validation_loss": 0.4989026938579448,
  "best_epoch": 9,
  "best_validation_accuracy": 0.9193976970770593,
  "best_validation_loss": 0.43505065227509476
}