{
  "peak_cpu_memory_MB": 4122.408,
  "peak_gpu_0_memory_MB": 51,
  "peak_gpu_1_memory_MB": 10,
  "peak_gpu_2_memory_MB": 10,
  "peak_gpu_3_memory_MB": 1448,
  "training_duration": "00:04:39",
  "training_start_epoch": 0,
  "training_epochs": 26,
  "epoch": 26,
  "training_accuracy": 0.9999507898233355,
  "training_loss": 0.0003053443591034825,
  "training_cpu_memory_MB": 4122.408,
  "training_gpu_0_memory_MB": 51,
  "training_gpu_1_memory_MB": 10,
  "training_gpu_2_memory_MB": 10,
  "training_gpu_3_memory_MB": 1448,
  "validation_accuracy": 0.9216120460584588,
  "validation_loss": 0.49644356457788547,
  "best_epoch": 24,
  "best_validation_accuracy": 0.9233835252435784,
  "best_validation_loss": 0.4925734415666716
}