{
  "peak_cpu_memory_MB": 5037.816,
  "peak_gpu_0_memory_MB": 15645,
  "peak_gpu_1_memory_MB": 15652,
  "peak_gpu_2_memory_MB": 10,
  "peak_gpu_3_memory_MB": 1876,
  "training_duration": "00:02:18",
  "training_start_epoch": 0,
  "training_epochs": 7,
  "epoch": 7,
  "training_accuracy": 0.9983268539934058,
  "training_loss": 0.005301944044954488,
  "training_cpu_memory_MB": 5037.816,
  "training_gpu_0_memory_MB": 15645,
  "training_gpu_1_memory_MB": 15652,
  "training_gpu_2_memory_MB": 10,
  "training_gpu_3_memory_MB": 1876,
  "validation_accuracy": 0.9247121346324181,
  "validation_loss": 0.36350557471073613,
  "best_epoch": 2,
  "best_validation_accuracy": 0.9397697077059345,
  "best_validation_loss": 0.2546535868709332
}