{
  "peak_cpu_memory_MB": 5036.82,
  "peak_gpu_0_memory_MB": 15645,
  "peak_gpu_1_memory_MB": 15652,
  "peak_gpu_2_memory_MB": 10,
  "peak_gpu_3_memory_MB": 1876,
  "training_duration": "00:00:38",
  "training_start_epoch": 0,
  "training_epochs": 1,
  "epoch": 1,
  "training_accuracy": 0.9799714580975346,
  "training_loss": 0.06368858728028023,
  "training_cpu_memory_MB": 5036.82,
  "training_gpu_0_memory_MB": 15645,
  "training_gpu_1_memory_MB": 15652,
  "training_gpu_2_memory_MB": 10,
  "training_gpu_3_memory_MB": 1876,
  "validation_accuracy": 0.912754650132861,
  "validation_loss": 0.2638252189865819,
  "best_epoch": 0,
  "best_validation_accuracy": 0.9180690876882197,
  "best_validation_loss": 0.2264387119377469
}