{
  "peak_cpu_memory_MB": 4122.408,
  "peak_gpu_0_memory_MB": 51,
  "peak_gpu_1_memory_MB": 10,
  "peak_gpu_2_memory_MB": 10,
  "peak_gpu_3_memory_MB": 1448,
  "training_duration": "00:04:49",
  "training_start_epoch": 0,
  "training_epochs": 27,
  "epoch": 27,
  "training_accuracy": 0.9999015796466709,
  "training_loss": 0.0006264021100598642,
  "training_cpu_memory_MB": 4122.408,
  "training_gpu_0_memory_MB": 51,
  "training_gpu_1_memory_MB": 10,
  "training_gpu_2_memory_MB": 10,
  "training_gpu_3_memory_MB": 1448,
  "validation_accuracy": 0.9193976970770593,
  "validation_loss": 0.5104577329089178,
  "best_epoch": 24,
  "best_validation_accuracy": 0.9233835252435784,
  "best_validation_loss": 0.4925734415666716
}