{
  "peak_cpu_memory_MB": 5037.932,
  "peak_gpu_0_memory_MB": 15645,
  "peak_gpu_1_memory_MB": 15652,
  "peak_gpu_2_memory_MB": 10,
  "peak_gpu_3_memory_MB": 1876,
  "training_duration": "00:08:42",
  "training_start_epoch": 0,
  "training_epochs": 30,
  "epoch": 30,
  "training_accuracy": 0.9976379115201024,
  "training_loss": 0.007890286990934364,
  "training_cpu_memory_MB": 5037.932,
  "training_gpu_0_memory_MB": 15645,
  "training_gpu_1_memory_MB": 15652,
  "training_gpu_2_memory_MB": 10,
  "training_gpu_3_memory_MB": 1876,
  "validation_accuracy": 0.9282550930026572,
  "validation_loss": 0.33156169747738284,
  "best_epoch": 17,
  "best_validation_accuracy": 0.941541186891054,
  "best_validation_loss": 0.27430130881516057
}