{
  "peak_cpu_memory_MB": 5223.388,
  "peak_gpu_0_memory_MB": 15647,
  "peak_gpu_1_memory_MB": 15648,
  "peak_gpu_2_memory_MB": 10,
  "peak_gpu_3_memory_MB": 3970,
  "training_duration": "00:09:33",
  "training_start_epoch": 0,
  "training_epochs": 3,
  "epoch": 3,
  "training_accuracy": 0.39033512130308545,
  "training_loss": 1.519657176716597,
  "training_cpu_memory_MB": 5223.388,
  "training_gpu_0_memory_MB": 15647,
  "training_gpu_1_memory_MB": 15648,
  "training_gpu_2_memory_MB": 10,
  "training_gpu_3_memory_MB": 3970,
  "validation_accuracy": 0.3928255093002657,
  "validation_loss": 1.5107550076496454,
  "best_epoch": 0,
  "best_validation_accuracy": 0.3928255093002657,
  "best_validation_loss": 1.5096830203209395
}