{
  "peak_cpu_memory_MB": 5223.432,
  "peak_gpu_0_memory_MB": 15647,
  "peak_gpu_1_memory_MB": 15648,
  "peak_gpu_2_memory_MB": 10,
  "peak_gpu_3_memory_MB": 4642,
  "training_duration": "00:14:10",
  "training_start_epoch": 0,
  "training_epochs": 5,
  "epoch": 5,
  "training_accuracy": 0.3926972097829831,
  "training_loss": 1.5136615192266207,
  "training_cpu_memory_MB": 5223.432,
  "training_gpu_0_memory_MB": 15647,
  "training_gpu_1_memory_MB": 15648,
  "training_gpu_2_memory_MB": 10,
  "training_gpu_3_memory_MB": 4642,
  "validation_accuracy": 0.3928255093002657,
  "validation_loss": 1.5109914644264881,
  "best_epoch": 0,
  "best_validation_accuracy": 0.3928255093002657,
  "best_validation_loss": 1.5096830203209395
}