{
  "peak_cpu_memory_MB": 5223.428,
  "peak_gpu_0_memory_MB": 15647,
  "peak_gpu_1_memory_MB": 15648,
  "peak_gpu_2_memory_MB": 10,
  "peak_gpu_3_memory_MB": 4300,
  "training_duration": "00:11:52",
  "training_start_epoch": 0,
  "training_epochs": 4,
  "epoch": 4,
  "training_accuracy": 0.39299247084297034,
  "training_loss": 1.5154388757119823,
  "training_cpu_memory_MB": 5223.428,
  "training_gpu_0_memory_MB": 15647,
  "training_gpu_1_memory_MB": 15648,
  "training_gpu_2_memory_MB": 10,
  "training_gpu_3_memory_MB": 4300,
  "validation_accuracy": 0.3928255093002657,
  "validation_loss": 1.5106333082104906,
  "best_epoch": 0,
  "best_validation_accuracy": 0.3928255093002657,
  "best_validation_loss": 1.5096830203209395
}