{
  "peak_cpu_memory_MB": 5224.252,
  "peak_gpu_0_memory_MB": 15647,
  "peak_gpu_1_memory_MB": 15648,
  "peak_gpu_2_memory_MB": 10,
  "peak_gpu_3_memory_MB": 4642,
  "training_duration": "00:21:06",
  "training_start_epoch": 0,
  "training_epochs": 8,
  "epoch": 8,
  "training_accuracy": 0.39299247084297034,
  "training_loss": 1.5119306124931524,
  "training_cpu_memory_MB": 5224.252,
  "training_gpu_0_memory_MB": 15647,
  "training_gpu_1_memory_MB": 15648,
  "training_gpu_2_memory_MB": 10,
  "training_gpu_3_memory_MB": 4642,
  "validation_accuracy": 0.3928255093002657,
  "validation_loss": 1.5106979888162495,
  "best_epoch": 0,
  "best_validation_accuracy": 0.3928255093002657,
  "best_validation_loss": 1.5096830203209395
}