{
  "peak_cpu_memory_MB": 5037.82,
  "peak_gpu_0_memory_MB": 15645,
  "peak_gpu_1_memory_MB": 15652,
  "peak_gpu_2_memory_MB": 10,
  "peak_gpu_3_memory_MB": 1876,
  "training_duration": "00:03:55",
  "training_start_epoch": 0,
  "training_epochs": 13,
  "epoch": 13,
  "training_accuracy": 0.9999015796466709,
  "training_loss": 0.0006492116150477444,
  "training_cpu_memory_MB": 5037.82,
  "training_gpu_0_memory_MB": 15645,
  "training_gpu_1_memory_MB": 15652,
  "training_gpu_2_memory_MB": 10,
  "training_gpu_3_memory_MB": 1876,
  "validation_accuracy": 0.933569530558016,
  "validation_loss": 0.3616576230392021,
  "best_epoch": 2,
  "best_validation_accuracy": 0.9397697077059345,
  "best_validation_loss": 0.2546535868709332
}