{
  "peak_cpu_memory_MB": 5037.932,
  "peak_gpu_0_memory_MB": 15645,
  "peak_gpu_1_memory_MB": 15652,
  "peak_gpu_2_memory_MB": 10,
  "peak_gpu_3_memory_MB": 1876,
  "training_duration": "00:08:58",
  "training_start_epoch": 0,
  "training_epochs": 31,
  "epoch": 31,
  "training_accuracy": 0.9998031592933418,
  "training_loss": 0.00047305270640178555,
  "training_cpu_memory_MB": 5037.932,
  "training_gpu_0_memory_MB": 15645,
  "training_gpu_1_memory_MB": 15652,
  "training_gpu_2_memory_MB": 10,
  "training_gpu_3_memory_MB": 1876,
  "validation_accuracy": 0.933126660761736,
  "validation_loss": 0.35698548165228317,
  "best_epoch": 17,
  "best_validation_accuracy": 0.941541186891054,
  "best_validation_loss": 0.27430130881516057
}