{
  "peak_cpu_memory_MB": 5037.788,
  "peak_gpu_0_memory_MB": 15645,
  "peak_gpu_1_memory_MB": 15652,
  "peak_gpu_2_memory_MB": 10,
  "peak_gpu_3_memory_MB": 1876,
  "training_duration": "00:01:45",
  "training_start_epoch": 0,
  "training_epochs": 5,
  "epoch": 5,
  "training_accuracy": 0.988583239013828,
  "training_loss": 0.03745919261903011,
  "training_cpu_memory_MB": 5037.788,
  "training_gpu_0_memory_MB": 15645,
  "training_gpu_1_memory_MB": 15652,
  "training_gpu_2_memory_MB": 10,
  "training_gpu_3_memory_MB": 1876,
  "validation_accuracy": 0.9096545615589017,
  "validation_loss": 0.3734450070992296,
  "best_epoch": 2,
  "best_validation_accuracy": 0.9397697077059345,
  "best_validation_loss": 0.2546535868709332
}