{
  "peak_cpu_memory_MB": 5037.816,
  "peak_gpu_0_memory_MB": 15645,
  "peak_gpu_1_memory_MB": 15652,
  "peak_gpu_2_memory_MB": 10,
  "peak_gpu_3_memory_MB": 1876,
  "training_duration": "00:03:39",
  "training_start_epoch": 0,
  "training_epochs": 12,
  "epoch": 12,
  "training_accuracy": 0.9999507898233355,
  "training_loss": 0.0002778768481013094,
  "training_cpu_memory_MB": 5037.816,
  "training_gpu_0_memory_MB": 15645,
  "training_gpu_1_memory_MB": 15652,
  "training_gpu_2_memory_MB": 10,
  "training_gpu_3_memory_MB": 1876,
  "validation_accuracy": 0.933126660761736,
  "validation_loss": 0.33918831881439676,
  "best_epoch": 2,
  "best_validation_accuracy": 0.9397697077059345,
  "best_validation_loss": 0.2546535868709332
}