{
  "peak_cpu_memory_MB": 5037.788,
  "peak_gpu_0_memory_MB": 15645,
  "peak_gpu_1_memory_MB": 15652,
  "peak_gpu_2_memory_MB": 10,
  "peak_gpu_3_memory_MB": 1876,
  "training_duration": "00:01:12",
  "training_start_epoch": 0,
  "training_epochs": 3,
  "epoch": 3,
  "training_accuracy": 0.9994094778800255,
  "training_loss": 0.0031296022076757186,
  "training_cpu_memory_MB": 5037.788,
  "training_gpu_0_memory_MB": 15645,
  "training_gpu_1_memory_MB": 15652,
  "training_gpu_2_memory_MB": 10,
  "training_gpu_3_memory_MB": 1876,
  "validation_accuracy": 0.9353410097431355,
  "validation_loss": 0.27520746025716725,
  "best_epoch": 2,
  "best_validation_accuracy": 0.9397697077059345,
  "best_validation_loss": 0.2546535868709332
}