{
  "peak_cpu_memory_MB": 5061.596,
  "peak_gpu_0_memory_MB": 15647,
  "peak_gpu_1_memory_MB": 15648,
  "peak_gpu_2_memory_MB": 10,
  "peak_gpu_3_memory_MB": 2140,
  "training_duration": "00:01:19",
  "training_start_epoch": 0,
  "training_epochs": 3,
  "epoch": 3,
  "training_accuracy": 0.9996555287633483,
  "training_loss": 0.002761677014332962,
  "training_cpu_memory_MB": 5061.596,
  "training_gpu_0_memory_MB": 15647,
  "training_gpu_1_memory_MB": 15648,
  "training_gpu_2_memory_MB": 10,
  "training_gpu_3_memory_MB": 2140,
  "validation_accuracy": 0.937555358724535,
  "validation_loss": 0.242689789426628,
  "best_epoch": 3,
  "best_validation_accuracy": 0.937555358724535,
  "best_validation_loss": 0.242689789426628
}