{
  "peak_cpu_memory_MB": 5060.644,
  "peak_gpu_0_memory_MB": 15647,
  "peak_gpu_1_memory_MB": 15648,
  "peak_gpu_2_memory_MB": 10,
  "peak_gpu_3_memory_MB": 2140,
  "training_duration": "00:00:41",
  "training_start_epoch": 0,
  "training_epochs": 1,
  "epoch": 1,
  "training_accuracy": 0.9664878696914522,
  "training_loss": 0.10849388653076364,
  "training_cpu_memory_MB": 5060.644,
  "training_gpu_0_memory_MB": 15647,
  "training_gpu_1_memory_MB": 15648,
  "training_gpu_2_memory_MB": 10,
  "training_gpu_3_memory_MB": 2140,
  "validation_accuracy": 0.9224977856510186,
  "validation_loss": 0.2434895073098165,
  "best_epoch": 1,
  "best_validation_accuracy": 0.9224977856510186,
  "best_validation_loss": 0.2434895073098165
}