{
  "peak_cpu_memory_MB": 5061.672,
  "peak_gpu_0_memory_MB": 15647,
  "peak_gpu_1_memory_MB": 15648,
  "peak_gpu_2_memory_MB": 10,
  "peak_gpu_3_memory_MB": 2140,
  "training_duration": "00:03:08",
  "training_start_epoch": 0,
  "training_epochs": 9,
  "epoch": 9,
  "training_accuracy": 0.9999507898233355,
  "training_loss": 0.00037990786680418715,
  "training_cpu_memory_MB": 5061.672,
  "training_gpu_0_memory_MB": 15647,
  "training_gpu_1_memory_MB": 15648,
  "training_gpu_2_memory_MB": 10,
  "training_gpu_3_memory_MB": 2140,
  "validation_accuracy": 0.9304694419840567,
  "validation_loss": 0.4119792941589064,
  "best_epoch": 4,
  "best_validation_accuracy": 0.9388839681133747,
  "best_validation_loss": 0.2660876195277749
}