{
  "peak_cpu_memory_MB": 5061.672,
  "peak_gpu_0_memory_MB": 15647,
  "peak_gpu_1_memory_MB": 15648,
  "peak_gpu_2_memory_MB": 10,
  "peak_gpu_3_memory_MB": 2140,
  "training_duration": "00:02:32",
  "training_start_epoch": 0,
  "training_epochs": 7,
  "epoch": 7,
  "training_accuracy": 0.9952758230402047,
  "training_loss": 0.014997418199969272,
  "training_cpu_memory_MB": 5061.672,
  "training_gpu_0_memory_MB": 15647,
  "training_gpu_1_memory_MB": 15648,
  "training_gpu_2_memory_MB": 10,
  "training_gpu_3_memory_MB": 2140,
  "validation_accuracy": 0.9273693534100974,
  "validation_loss": 0.4133345495627756,
  "best_epoch": 4,
  "best_validation_accuracy": 0.9388839681133747,
  "best_validation_loss": 0.2660876195277749
}