{
  "peak_cpu_memory_MB": 5231.568,
  "peak_gpu_0_memory_MB": 15647,
  "peak_gpu_1_memory_MB": 15648,
  "peak_gpu_2_memory_MB": 4042,
  "peak_gpu_3_memory_MB": 4642,
  "training_duration": "00:52:56",
  "training_start_epoch": 0,
  "training_epochs": 21,
  "epoch": 21,
  "training_accuracy": 0.3906303823630727,
  "training_loss": 1.5163399010650382,
  "training_cpu_memory_MB": 5231.568,
  "training_gpu_0_memory_MB": 15647,
  "training_gpu_1_memory_MB": 15648,
  "training_gpu_2_memory_MB": 4042,
  "training_gpu_3_memory_MB": 10,
  "validation_accuracy": 0.3928255093002657,
  "validation_loss": 1.5046159352785275,
  "best_epoch": 12,
  "best_validation_accuracy": 0.4012400354295837,
  "best_validation_loss": 1.5080377319712697
}