{
  "peak_cpu_memory_MB": 5225.652,
  "peak_gpu_0_memory_MB": 15647,
  "peak_gpu_1_memory_MB": 15648,
  "peak_gpu_2_memory_MB": 3700,
  "peak_gpu_3_memory_MB": 4642,
  "training_duration": "00:05:04",
  "training_start_epoch": 0,
  "training_epochs": 1,
  "epoch": 1,
  "training_accuracy": 0.3669110772107672,
  "training_loss": 1.5753733078967114,
  "training_cpu_memory_MB": 5225.652,
  "training_gpu_0_memory_MB": 15647,
  "training_gpu_1_memory_MB": 15648,
  "training_gpu_2_memory_MB": 3700,
  "training_gpu_3_memory_MB": 4642,
  "validation_accuracy": 0.3928255093002657,
  "validation_loss": 1.5095250017849016,
  "best_epoch": 0,
  "best_validation_accuracy": 0.3928255093002657,
  "best_validation_loss": 1.5090504384335177
}