{
  "peak_cpu_memory_MB": 5231.568,
  "peak_gpu_0_memory_MB": 15647,
  "peak_gpu_1_memory_MB": 15648,
  "peak_gpu_2_memory_MB": 4042,
  "peak_gpu_3_memory_MB": 4642,
  "training_duration": "00:36:09",
  "training_start_epoch": 0,
  "training_epochs": 14,
  "epoch": 14,
  "training_accuracy": 0.3900890704197628,
  "training_loss": 1.5198635856310527,
  "training_cpu_memory_MB": 5231.568,
  "training_gpu_0_memory_MB": 15647,
  "training_gpu_1_memory_MB": 15648,
  "training_gpu_2_memory_MB": 4042,
  "training_gpu_3_memory_MB": 10,
  "validation_accuracy": 0.39149689991142606,
  "validation_loss": 1.5070234566559026,
  "best_epoch": 12,
  "best_validation_accuracy": 0.4012400354295837,
  "best_validation_loss": 1.5080377319712697
}