{
  "peak_cpu_memory_MB": 5231.568,
  "peak_gpu_0_memory_MB": 15647,
  "peak_gpu_1_memory_MB": 15648,
  "peak_gpu_2_memory_MB": 4042,
  "peak_gpu_3_memory_MB": 4642,
  "training_duration": "00:48:08",
  "training_start_epoch": 0,
  "training_epochs": 19,
  "epoch": 19,
  "training_accuracy": 0.38900644653314304,
  "training_loss": 1.5173456806781864,
  "training_cpu_memory_MB": 5231.568,
  "training_gpu_0_memory_MB": 15647,
  "training_gpu_1_memory_MB": 15648,
  "training_gpu_2_memory_MB": 4042,
  "training_gpu_3_memory_MB": 10,
  "validation_accuracy": 0.3932683790965456,
  "validation_loss": 1.503384448863842,
  "best_epoch": 12,
  "best_validation_accuracy": 0.4012400354295837,
  "best_validation_loss": 1.5080377319712697
}