{
  "peak_cpu_memory_MB": 5191.048,
  "peak_gpu_0_memory_MB": 15647,
  "peak_gpu_1_memory_MB": 15648,
  "peak_gpu_2_memory_MB": 2116,
  "peak_gpu_3_memory_MB": 4642,
  "training_duration": "00:02:39",
  "training_start_epoch": 0,
  "training_epochs": 0,
  "epoch": 0,
  "training_accuracy": 0.34422518576841693,
  "training_loss": 1.6627537902064888,
  "training_cpu_memory_MB": 5191.048,
  "training_gpu_0_memory_MB": 15647,
  "training_gpu_1_memory_MB": 15648,
  "training_gpu_2_memory_MB": 2116,
  "training_gpu_3_memory_MB": 4642,
  "validation_accuracy": 0.3928255093002657,
  "validation_loss": 1.5090504384335177,
  "best_epoch": 0,
  "best_validation_accuracy": 0.3928255093002657,
  "best_validation_loss": 1.5090504384335177
}