{
  "peak_cpu_memory_MB": 14576.02,
  "peak_gpu_0_memory_MB": 7011,
  "peak_gpu_1_memory_MB": 15424,
  "peak_gpu_2_memory_MB": 12406,
  "peak_gpu_3_memory_MB": 10,
  "training_duration": "01:53:30",
  "training_start_epoch": 0,
  "training_epochs": 4,
  "epoch": 4,
  "training_accuracy": 0.4840805078490232,
  "training_loss": 1.3062953166462081,
  "training_cpu_memory_MB": 14576.02,
  "training_gpu_0_memory_MB": 7011,
  "training_gpu_1_memory_MB": 15424,
  "training_gpu_2_memory_MB": 12406,
  "training_gpu_3_memory_MB": 10,
  "validation_accuracy": 0.4574844995571302,
  "validation_loss": 1.3428896620737767,
  "best_epoch": 2,
  "best_validation_accuracy": 0.4650132860938884,
  "best_validation_loss": 1.3723120850271884
}