{
  "peak_cpu_memory_MB": 14576.208,
  "peak_gpu_0_memory_MB": 7013,
  "peak_gpu_1_memory_MB": 15424,
  "peak_gpu_2_memory_MB": 12406,
  "peak_gpu_3_memory_MB": 10,
  "training_duration": "02:38:45",
  "training_start_epoch": 0,
  "training_epochs": 6,
  "epoch": 6,
  "training_accuracy": 0.5124255696077948,
  "training_loss": 1.2294911968549718,
  "training_cpu_memory_MB": 14576.208,
  "training_gpu_0_memory_MB": 7013,
  "training_gpu_1_memory_MB": 15424,
  "training_gpu_2_memory_MB": 12406,
  "training_gpu_3_memory_MB": 10,
  "validation_accuracy": 0.4920283436669619,
  "validation_loss": 1.2900061486041652,
  "best_epoch": 6,
  "best_validation_accuracy": 0.4920283436669619,
  "best_validation_loss": 1.2900061486041652
}