{
  "peak_cpu_memory_MB": 5025.784,
  "peak_gpu_0_memory_MB": 15647,
  "peak_gpu_1_memory_MB": 15648,
  "peak_gpu_2_memory_MB": 10,
  "peak_gpu_3_memory_MB": 1784,
  "training_duration": "00:02:50",
  "training_start_epoch": 0,
  "training_epochs": 9,
  "epoch": 9,
  "training_accuracy": 0.999261847350032,
  "training_loss": 0.0026216711690351334,
  "training_cpu_memory_MB": 5025.784,
  "training_gpu_0_memory_MB": 15647,
  "training_gpu_1_memory_MB": 15648,
  "training_gpu_2_memory_MB": 10,
  "training_gpu_3_memory_MB": 1784,
  "validation_accuracy": 0.9264836138175376,
  "validation_loss": 0.42996930679240636,
  "best_epoch": 3,
  "best_validation_accuracy": 0.9406554472984943,
  "best_validation_loss": 0.2690363105581958
}