{
  "peak_cpu_memory_MB": 5024.576,
  "peak_gpu_0_memory_MB": 15647,
  "peak_gpu_1_memory_MB": 15648,
  "peak_gpu_2_memory_MB": 10,
  "peak_gpu_3_memory_MB": 1784,
  "training_duration": "00:00:38",
  "training_start_epoch": 0,
  "training_epochs": 1,
  "epoch": 1,
  "training_accuracy": 0.9811525023374834,
  "training_loss": 0.06264136443921614,
  "training_cpu_memory_MB": 5024.576,
  "training_gpu_0_memory_MB": 15647,
  "training_gpu_1_memory_MB": 15648,
  "training_gpu_2_memory_MB": 10,
  "training_gpu_3_memory_MB": 1784,
  "validation_accuracy": 0.9340124003542959,
  "validation_loss": 0.24004488071587718,
  "best_epoch": 1,
  "best_validation_accuracy": 0.9340124003542959,
  "best_validation_loss": 0.24004488071587718
}