{
  "peak_cpu_memory_MB": 5025.972,
  "peak_gpu_0_memory_MB": 15647,
  "peak_gpu_1_memory_MB": 15648,
  "peak_gpu_2_memory_MB": 10,
  "peak_gpu_3_memory_MB": 1784,
  "training_duration": "00:03:23",
  "training_start_epoch": 0,
  "training_epochs": 11,
  "epoch": 11,
  "training_accuracy": 0.9971950199301215,
  "training_loss": 0.009590332741290019,
  "training_cpu_memory_MB": 5025.972,
  "training_gpu_0_memory_MB": 15647,
  "training_gpu_1_memory_MB": 15648,
  "training_gpu_2_memory_MB": 10,
  "training_gpu_3_memory_MB": 1784,
  "validation_accuracy": 0.9353410097431355,
  "validation_loss": 0.30305010620447126,
  "best_epoch": 3,
  "best_validation_accuracy": 0.9406554472984943,
  "best_validation_loss": 0.2690363105581958
}