{
  "peak_cpu_memory_MB": 7524.372,
  "peak_gpu_0_memory_MB": 51,
  "peak_gpu_1_memory_MB": 8364,
  "peak_gpu_2_memory_MB": 4276,
  "peak_gpu_3_memory_MB": 10,
  "training_duration": "00:26:54",
  "training_start_epoch": 0,
  "training_epochs": 11,
  "epoch": 11,
  "training_accuracy": 0.48737758968554695,
  "training_loss": 1.287916760388813,
  "training_cpu_memory_MB": 7524.372,
  "training_gpu_0_memory_MB": 51,
  "training_gpu_1_memory_MB": 8364,
  "training_gpu_2_memory_MB": 4276,
  "training_gpu_3_memory_MB": 10,
  "validation_accuracy": 0.4561558901682905,
  "validation_loss": 1.3200193194695462,
  "best_epoch": 8,
  "best_validation_accuracy": 0.4893711248892825,
  "best_validation_loss": 1.2890143990516663
}