{
  "peak_cpu_memory_MB": 7524.372,
  "peak_gpu_0_memory_MB": 51,
  "peak_gpu_1_memory_MB": 8364,
  "peak_gpu_2_memory_MB": 4276,
  "peak_gpu_3_memory_MB": 10,
  "training_duration": "00:31:19",
  "training_start_epoch": 0,
  "training_epochs": 13,
  "epoch": 13,
  "training_accuracy": 0.4875744303922051,
  "training_loss": 1.2820898908557314,
  "training_cpu_memory_MB": 7524.372,
  "training_gpu_0_memory_MB": 51,
  "training_gpu_1_memory_MB": 8364,
  "training_gpu_2_memory_MB": 4276,
  "training_gpu_3_memory_MB": 10,
  "validation_accuracy": 0.49645704162976084,
  "validation_loss": 1.2875595894860632,
  "best_epoch": 13,
  "best_validation_accuracy": 0.49645704162976084,
  "best_validation_loss": 1.2875595894860632
}