{
  "peak_cpu_memory_MB": 7520.672,
  "peak_gpu_0_memory_MB": 51,
  "peak_gpu_1_memory_MB": 8364,
  "peak_gpu_2_memory_MB": 4276,
  "peak_gpu_3_memory_MB": 10,
  "training_duration": "00:11:21",
  "training_start_epoch": 0,
  "training_epochs": 4,
  "epoch": 4,
  "training_accuracy": 0.47827370700260813,
  "training_loss": 1.3140130854178393,
  "training_cpu_memory_MB": 7520.672,
  "training_gpu_0_memory_MB": 51,
  "training_gpu_1_memory_MB": 8364,
  "training_gpu_2_memory_MB": 4276,
  "training_gpu_3_memory_MB": 10,
  "validation_accuracy": 0.47608503100088573,
  "validation_loss": 1.3062711431656355,
  "best_epoch": 4,
  "best_validation_accuracy": 0.47608503100088573,
  "best_validation_loss": 1.3062711431656355
}