{
  "peak_cpu_memory_MB": 7525.232,
  "peak_gpu_0_memory_MB": 51,
  "peak_gpu_1_memory_MB": 8364,
  "peak_gpu_2_memory_MB": 4276,
  "peak_gpu_3_memory_MB": 10,
  "training_duration": "00:44:42",
  "training_start_epoch": 0,
  "training_epochs": 19,
  "epoch": 19,
  "training_accuracy": 0.4825549923724226,
  "training_loss": 1.2805653191466633,
  "training_cpu_memory_MB": 7525.232,
  "training_gpu_0_memory_MB": 51,
  "training_gpu_1_memory_MB": 8364,
  "training_gpu_2_memory_MB": 4276,
  "training_gpu_3_memory_MB": 10,
  "validation_accuracy": 0.4946855624446413,
  "validation_loss": 1.2736636260409413,
  "best_epoch": 18,
  "best_validation_accuracy": 0.5004428697962799,
  "best_validation_loss": 1.2667130099402533
}