{
  "peak_cpu_memory_MB": 7525.308,
  "peak_gpu_0_memory_MB": 51,
  "peak_gpu_1_memory_MB": 8364,
  "peak_gpu_2_memory_MB": 4276,
  "peak_gpu_3_memory_MB": 10,
  "training_duration": "00:46:54",
  "training_start_epoch": 0,
  "training_epochs": 20,
  "epoch": 20,
  "training_accuracy": 0.4864918065055854,
  "training_loss": 1.2791514482872546,
  "training_cpu_memory_MB": 7525.308,
  "training_gpu_0_memory_MB": 51,
  "training_gpu_1_memory_MB": 8364,
  "training_gpu_2_memory_MB": 4276,
  "training_gpu_3_memory_MB": 10,
  "validation_accuracy": 0.4942426926483614,
  "validation_loss": 1.2742022401020852,
  "best_epoch": 18,
  "best_validation_accuracy": 0.5004428697962799,
  "best_validation_loss": 1.2667130099402533
}