{
  "peak_cpu_memory_MB": 7525.204,
  "peak_gpu_0_memory_MB": 51,
  "peak_gpu_1_memory_MB": 8364,
  "peak_gpu_2_memory_MB": 4276,
  "peak_gpu_3_memory_MB": 10,
  "training_duration": "00:42:27",
  "training_start_epoch": 0,
  "training_epochs": 18,
  "epoch": 18,
  "training_accuracy": 0.48964125781211554,
  "training_loss": 1.2767298708441501,
  "training_cpu_memory_MB": 7525.204,
  "training_gpu_0_memory_MB": 51,
  "training_gpu_1_memory_MB": 8364,
  "training_gpu_2_memory_MB": 4276,
  "training_gpu_3_memory_MB": 10,
  "validation_accuracy": 0.5004428697962799,
  "validation_loss": 1.2667130099402533,
  "best_epoch": 18,
  "best_validation_accuracy": 0.5004428697962799,
  "best_validation_loss": 1.2667130099402533
}