{
  "peak_cpu_memory_MB": 7524.824,
  "peak_gpu_0_memory_MB": 51,
  "peak_gpu_1_memory_MB": 8364,
  "peak_gpu_2_memory_MB": 4276,
  "peak_gpu_3_memory_MB": 10,
  "training_duration": "00:33:34",
  "training_start_epoch": 0,
  "training_epochs": 14,
  "epoch": 14,
  "training_accuracy": 0.4887554746321539,
  "training_loss": 1.2825704980487667,
  "training_cpu_memory_MB": 7524.824,
  "training_gpu_0_memory_MB": 51,
  "training_gpu_1_memory_MB": 8364,
  "training_gpu_2_memory_MB": 4276,
  "training_gpu_3_memory_MB": 10,
  "validation_accuracy": 0.49025686448184236,
  "validation_loss": 1.2741002984988836,
  "best_epoch": 13,
  "best_validation_accuracy": 0.49645704162976084,
  "best_validation_loss": 1.2875595894860632
}