{
  "peak_cpu_memory_MB": 5026.044,
  "peak_gpu_0_memory_MB": 15647,
  "peak_gpu_1_memory_MB": 15648,
  "peak_gpu_2_memory_MB": 10,
  "peak_gpu_3_memory_MB": 1784,
  "training_duration": "00:03:56",
  "training_start_epoch": 0,
  "training_epochs": 13,
  "epoch": 13,
  "training_accuracy": 0.9991634269967029,
  "training_loss": 0.002692413630370225,
  "training_cpu_memory_MB": 5026.044,
  "training_gpu_0_memory_MB": 15647,
  "training_gpu_1_memory_MB": 15648,
  "training_gpu_2_memory_MB": 10,
  "training_gpu_3_memory_MB": 1784,
  "validation_accuracy": 0.9357838795394154,
  "validation_loss": 0.3199059193376107,
  "best_epoch": 3,
  "best_validation_accuracy": 0.9406554472984943,
  "best_validation_loss": 0.2690363105581958
}