{
  "peak_cpu_memory_MB": 4957.376,
  "peak_gpu_0_memory_MB": 15647,
  "peak_gpu_1_memory_MB": 15648,
  "peak_gpu_2_memory_MB": 10,
  "peak_gpu_3_memory_MB": 1190,
  "training_duration": "00:00:21",
  "training_start_epoch": 0,
  "training_epochs": 0,
  "epoch": 0,
  "training_accuracy": 0.7976969637320998,
  "training_loss": 0.5873699321388459,
  "training_cpu_memory_MB": 4957.376,
  "training_gpu_0_memory_MB": 15647,
  "training_gpu_1_memory_MB": 15648,
  "training_gpu_2_memory_MB": 10,
  "training_gpu_3_memory_MB": 1190,
  "validation_accuracy": 0.9260407440212578,
  "validation_loss": 0.23354213496233212,
  "best_epoch": 0,
  "best_validation_accuracy": 0.9260407440212578,
  "best_validation_loss": 0.23354213496233212
}